id,genre,lang,lang_prob
ark:/67375/M70-VJD6MDS0-X,research-article,fr,0.9650158882141113
ark:/67375/M70-VJP3LQ0K-B,research-article,fr,0.9680819511413574
ark:/67375/6H6-XZZF938X-5,research-article,de,0.9085038900375366
ark:/67375/HXZ-LX8DD4MJ-K,research-article,uk,0.08123869448900223
ark:/67375/HXZ-P13FWX21-7,research-article,uk,0.14903531968593597
ark:/67375/HXZ-Z06JPHK2-Z,other,de,0.2631572186946869
ark:/67375/M70-3TQCHXFL-J,other,fr,0.9519363045692444
ark:/67375/JKT-6MNX3QWS-3,research-article,it,0.957411527633667
ark:/67375/JKT-6MRCHKLH-Z,research-article,it,0.9545331597328186
ark:/67375/JKT-6N59Q158-7,research-article,de,0.9795385003089905
ark:/67375/JKT-6QFFJH11-M,research-article,it,0.9692269563674927
ark:/67375/JKT-6V3LQ5BS-0,research-article,it,0.9653856754302979
ark:/67375/JKT-6VRJMRZW-Q,research-article,de,0.9493677616119385
ark:/67375/JKT-6WS76HQ5-7,research-article,it,0.9651759266853333
ark:/67375/JKT-6XFWFS7X-J,research-article,fr,0.9580633640289307
ark:/67375/JKT-6ZRTRHZ4-2,research-article,de,0.9417608380317688
ark:/67375/JKT-71MKHBVS-Q,research-article,it,0.9599595069885254
ark:/67375/JKT-72TVH7X7-D,research-article,it,0.9646753072738647
ark:/67375/JKT-74727C8H-J,research-article,de,0.9877742528915405
ark:/67375/JKT-7715VKCF-0,research-article,it,0.9680138826370239
ark:/67375/JKT-7B5GXKMX-X,research-article,de,0.9700765609741211
ark:/67375/JKT-7DGC3WVX-1,research-article,it,0.9663733839988708
ark:/67375/JKT-7FC94KHS-L,research-article,it,0.9742085933685303
ark:/67375/JKT-7JT7TJQK-B,research-article,it,0.8927143812179565
ark:/67375/JKT-7S6WZF61-T,research-article,it,0.9419816136360168
ark:/67375/JKT-7SCH2RWD-6,research-article,it,0.9486775994300842
ark:/67375/WNG-0FJM6W7K-3,article,de,0.9479133486747742
ark:/67375/JKT-CDSCS202-G,research-article,de,0.9817094206809998
ark:/67375/JKT-CDX59C5Z-4,research-article,it,0.9752801656723022
ark:/67375/JKT-CF331P44-V,research-article,fr,0.9388626217842102
ark:/67375/JKT-CF57XB9B-G,research-article,fr,0.9634478092193604
ark:/67375/JKT-CF6DG54T-X,research-article,it,0.9343927502632141
ark:/67375/JKT-CG1WF7GN-8,research-article,it,0.9567334055900574
ark:/67375/JKT-CGRCVZ2R-F,research-article,it,0.9556442499160767
ark:/67375/JKT-CP2PF4Q8-R,research-article,it,0.9624210596084595
ark:/67375/JKT-CQ4FC0XP-T,research-article,it,0.9419647455215454
ark:/67375/JKT-CW19JJSV-3,research-article,it,0.9657122492790222
ark:/67375/JKT-CWH5BXN0-R,research-article,it,0.9628200531005859
ark:/67375/JKT-D095P2QL-3,research-article,it,0.9721654057502747
ark:/67375/JKT-D0WF0MFQ-C,research-article,it,0.9561794996261597
ark:/67375/JKT-D23QRNT9-B,research-article,it,0.9564595222473145
ark:/67375/JKT-D2HQ9190-0,research-article,it,0.8924704194068909
ark:/67375/JKT-D3CDHG5T-V,research-article,it,0.9426158666610718
ark:/67375/JKT-D74Q4T9K-Q,research-article,it,0.9184436202049255
ark:/67375/JKT-DCTVNQLS-4,research-article,de,0.9070189595222473
ark:/67375/JKT-DGK45QV5-R,research-article,fr,0.9606227278709412
ark:/67375/JKT-DHSP82P7-0,research-article,it,0.9633605480194092
ark:/67375/JKT-DHSQ0TPG-D,research-article,it,0.9585515856742859
ark:/67375/JKT-DP6PX92P-9,research-article,it,0.9144401550292969
ark:/67375/JKT-DQZ84WHK-7,research-article,it,0.9685314893722534
ark:/67375/JKT-DZ63DDGG-H,research-article,de,0.9654775857925415
ark:/67375/JKT-DZC8H72C-P,research-article,it,0.9553605318069458
ark:/67375/JKT-F03X3NQF-B,research-article,fr,0.9443670511245728
ark:/67375/JKT-F48MDMPH-W,research-article,de,0.9843859076499939
ark:/67375/JKT-F553P80N-N,research-article,fr,0.9688507318496704
ark:/67375/JKT-F9R2JVB7-H,research-article,de,0.9233947992324829
ark:/67375/JKT-FB7LHMJC-S,research-article,it,0.9000459313392639
ark:/67375/JKT-FBRWGHK0-L,research-article,it,0.19430787861347198
ark:/67375/JKT-FBZXLR31-6,research-article,de,0.992214024066925
ark:/67375/JKT-FP528H85-7,research-article,it,0.9458106756210327
ark:/67375/JKT-FQC8VV6J-Z,research-article,it,0.9381521344184875
ark:/67375/JKT-FSBZ1W6H-R,research-article,fr,0.9573427438735962
ark:/67375/JKT-FVW5TTNX-G,research-article,de,0.9882022142410278
ark:/67375/JKT-FWFGJMG3-7,research-article,it,0.9677128195762634
ark:/67375/JKT-FWNVRRHW-S,research-article,fr,0.6984145641326904
ark:/67375/JKT-FWZNCSLL-N,research-article,it,0.9505282044410706
ark:/67375/JKT-Z3SC7DJ4-7,research-article,it,0.9634007215499878
ark:/67375/JKT-Z46XNCXS-L,research-article,fr,0.9642486572265625
ark:/67375/JKT-Z5M1FCP1-3,research-article,it,0.8494172096252441
ark:/67375/JKT-Z6347T0P-V,research-article,fr,0.9674017429351807
ark:/67375/JKT-Z64T1L7J-L,research-article,it,0.9580743908882141
ark:/67375/JKT-ZC81LWCQ-W,research-article,it,0.9086393713951111
ark:/67375/JKT-ZK5VDJ76-J,research-article,it,0.9576255083084106
ark:/67375/JKT-ZLVLKLSC-M,research-article,it,0.8138738870620728
ark:/67375/JKT-ZVZN5GPF-P,research-article,it,0.9697026014328003
ark:/67375/JKT-ZWBH189H-L,research-article,it,0.9489726424217224
ark:/67375/JKT-ZXXDDGLF-B,research-article,it,0.8894893527030945
ark:/67375/JKT-ZZ3J3F4K-V,research-article,fr,0.9494754672050476
ark:/67375/M70-3PNHWK2H-1,article,fr,0.7405208945274353
ark:/67375/M70-3RRH0V5D-6,other,fr,0.9843548536300659
ark:/67375/M70-3ZQ2ZQ2J-Z,research-article,fr,0.9328802824020386
ark:/67375/WNG-FR7484R5-R,article,de,0.08930676430463791
ark:/67375/WNG-HBFRT8CS-6,article,fr,0.903163731098175
ark:/67375/M70-B9G418V7-S,research-article,fr,0.961688220500946
ark:/67375/M70-NPZDMP84-R,other,fr,0.9704562425613403
ark:/67375/M70-TQKM7G0J-X,research-article,fr,0.9282476902008057
ark:/67375/6S2-0GCHB8GX-R,article,es,0.9393879175186157
ark:/67375/6S2-7LTJWM0B-M,article,el,0.9660894870758057
ark:/67375/6S2-853828FG-0,article,es,0.8250971436500549
ark:/67375/6S2-GFBXCRQ7-P,article,el,0.977681577205658
ark:/67375/6S2-P2DMCDGH-D,article,pt,0.7469164729118347
ark:/67375/6S2-VGQ9VKT3-H,article,es,0.7956166863441467
ark:/67375/6S2-VGVKGH5G-W,article,es,0.8897519111633301
ark:/67375/6S2-VJDJDMD9-V,article,pt,0.4751151502132416
ark:/67375/M70-29VX1K5Q-3,research-article,fr,0.959493100643158
ark:/67375/M70-2G3ZCFDB-9,other,fr,0.9765510559082031
ark:/67375/M70-2H20M1ZC-K,other,fr,0.9692633748054504
ark:/67375/M70-2JB7BTW8-B,other,fr,0.939842939376831
ark:/67375/M70-BG8FHQ1P-F,research-article,fr,0.943744421005249
ark:/67375/M70-BKG7BZ6N-9,research-article,fr,0.9570361375808716
ark:/67375/M70-FP8P4BDH-S,research-article,fr,0.9385837316513062
ark:/67375/M70-FQXPP0K7-D,research-article,fr,0.927920937538147
ark:/67375/M70-G2702LWM-H,research-article,fr,0.9566403031349182
ark:/67375/M70-L6H29NMD-0,other,fr,0.9184744358062744
ark:/67375/M70-NS8K85L7-F,research-article,fr,0.9355705976486206
ark:/67375/M70-NW4H2CCM-8,research-article,fr,0.9515886902809143
ark:/67375/M70-NWGTKQBF-V,other,fr,0.2432326078414917
ark:/67375/M70-TM6LQ0TR-P,research-article,fr,0.9603301882743835
ark:/67375/M70-Z2PLS26G-7,other,fr,0.9716795086860657
ark:/67375/M70-ZB6GRVQ8-C,research-article,fr,0.950389564037323
ark:/67375/M70-ZBMB6GP3-D,research-article,fr,0.9484198093414307
ark:/67375/M70-ZCGTPT5Z-D,research-article,fr,0.9611489772796631
ark:/67375/M70-0B6NVWBH-K,research-article,fr,0.9565861821174622
ark:/67375/HCB-57QJDJFX-C,chapter,uk,0.198714941740036
ark:/67375/HCB-FKJ3RD7X-L,article,fr,0.8759133815765381
ark:/67375/HCB-N75J4LNW-2,article,fr,0.8219358325004578
ark:/67375/HCB-N9WWFL4H-P,chapter,uk,0.20053419470787048
ark:/67375/HCB-V1LC9CD6-B,article,fr,0.9602820873260498
ark:/67375/HXZ-2PZGMGZV-Z,research-article,fr,0.5928980112075806
ark:/67375/WNG-4X2PZ8MW-D,article,de,0.9622645378112793
ark:/67375/WNG-5FJ8H3GB-N,article,cs,0.11231593787670135
ark:/67375/WNG-5Z93724T-H,article,fr,0.7029069066047668
ark:/67375/WNG-68096PW2-K,article,fr,0.8495380878448486
ark:/67375/WNG-680XP0G8-K,article,ru,0.1468725949525833
ark:/67375/WNG-7G0HL2SB-C,article,de,0.9925475120544434
ark:/67375/6H6-P9JN1S1K-D,other,de,0.748401403427124
ark:/67375/6H6-PG2QNCBX-8,conference,sr,0.1333031952381134
ark:/67375/HXZ-H8R3X6HN-W,research-article,fr,0.6330874562263489
ark:/67375/HXZ-HC8LXHQ4-K,research-article,fr,0.9568536281585693
ark:/67375/HXZ-P7MC5429-T,research-article,uk,0.12444604188203812
ark:/67375/HXZ-RJWC04HM-1,research-article,fr,0.7806949019432068
ark:/67375/HXZ-T9ZPDCS7-L,research-article,uk,0.09363629668951035
ark:/67375/JKT-JK276BHF-8,research-article,it,0.9380590915679932
ark:/67375/JKT-JLQ9ZZ37-C,research-article,it,0.9522110223770142
ark:/67375/JKT-JMFMHM5Z-D,research-article,de,0.3195208013057709
ark:/67375/JKT-JQ9RR05G-4,research-article,fr,0.9738560914993286
ark:/67375/JKT-JQL9P8FJ-R,research-article,de,0.9343866109848022
ark:/67375/JKT-JRXNQQL9-W,research-article,it,0.9265849590301514
ark:/67375/JKT-JXLWTQGR-G,research-article,it,0.8156871199607849
ark:/67375/JKT-K1S52JWX-K,research-article,it,0.955236554145813
ark:/67375/JKT-K31K2JCX-L,research-article,de,0.9506643414497375
ark:/67375/JKT-K4KZWFRJ-M,research-article,it,0.9084565043449402
ark:/67375/JKT-KG7MRT0F-2,research-article,it,0.9688661694526672
ark:/67375/JKT-KGP7M8KK-C,research-article,it,0.9736815094947815
ark:/67375/JKT-KHPBWNGL-0,research-article,it,0.9004451632499695
ark:/67375/JKT-KJJP2V7F-P,research-article,de,0.9894538521766663
ark:/67375/JKT-KJVPJMNN-D,research-article,it,0.8960070013999939
ark:/67375/JKT-KLD665R6-3,research-article,de,0.9486727714538574
ark:/67375/JKT-KLSSX7ZK-1,research-article,fr,0.9533397555351257
ark:/67375/JKT-KNGWP466-F,research-article,it,0.9260502457618713
ark:/67375/JKT-KRGGKF5T-B,research-article,it,0.9643173217773438
ark:/67375/JKT-KVKHFWNS-L,research-article,fr,0.9501575231552124
ark:/67375/JKT-KVR921QK-R,research-article,it,0.9615139365196228
ark:/67375/JKT-L0TR70XT-P,research-article,it,0.9620349407196045
ark:/67375/JKT-L1SMC5XH-S,research-article,it,0.8686577081680298
ark:/67375/JKT-L6MM5ZZD-4,research-article,it,0.8707457184791565
ark:/67375/JKT-L7QTNJWB-B,research-article,it,0.9536579251289368
ark:/67375/JKT-L94H0K56-2,research-article,it,0.9574565887451172
ark:/67375/JKT-LHVC0XMD-V,research-article,it,0.9691709280014038
ark:/67375/JKT-LLD73SCM-9,research-article,it,0.8056188821792603
ark:/67375/JKT-LNHLN7KW-5,research-article,it,0.9373717904090881
ark:/67375/JKT-LQ97HZDJ-Z,research-article,it,0.9749377369880676
ark:/67375/JKT-LX7QNF13-H,research-article,fr,0.9492109417915344
ark:/67375/M70-061XBT3L-T,other,fr,0.9674551486968994
ark:/67375/M70-0CRN10ZT-J,research-article,fr,0.9416283369064331
ark:/67375/M70-3CPB4HPD-2,other,fr,0.947390615940094
ark:/67375/M70-3F2DC7KB-S,research-article,fr,0.8896991610527039
ark:/67375/M70-9XZXL2L1-9,other,fr,0.9727526903152466
ark:/67375/M70-KKQBG047-S,research-article,fr,0.9571738243103027
ark:/67375/M70-N7RCLLFM-5,research-article,fr,0.9638692736625671
ark:/67375/M70-3HZFKSGZ-X,research-article,fr,0.9491246342658997
ark:/67375/M70-3JVD8DRV-5,research-article,fr,0.966601550579071
ark:/67375/M70-6VHNWPNG-3,other,fr,0.6576103568077087
ark:/67375/M70-FFNBS7XV-8,other,fr,0.9460919499397278
ark:/67375/M70-FGJFQWB4-2,research-article,fr,0.9286088347434998
ark:/67375/M70-K5NZK342-P,research-article,fr,0.9582086801528931
ark:/67375/M70-K81NF361-V,research-article,fr,0.9329667091369629
ark:/67375/M70-K8K75CFP-Z,other,fr,0.9635845422744751
ark:/67375/M70-KDJ0F6ZR-B,research-article,fr,0.9566793441772461
ark:/67375/M70-NDBDPV8B-6,research-article,fr,0.9162019491195679
ark:/67375/M70-NKL9WGJ6-G,other,fr,0.9603242874145508
ark:/67375/M70-RV423J71-S,research-article,fr,0.9590606093406677
ark:/67375/M70-WCHNKK7G-P,research-article,fr,0.9713334441184998
ark:/67375/M70-WHND0K2P-J,research-article,fr,0.949984073638916
ark:/67375/M70-WKPM37VJ-B,research-article,fr,0.9391995072364807
ark:/67375/0T8-QV7NLJ4R-2,other,fr,0.9465323090553284
ark:/67375/HXZ-797CGKX3-N,research-article,fr,0.9252870678901672
ark:/67375/HXZ-9937PQPS-8,research-article,fr,0.5234887599945068
ark:/67375/HXZ-C9JJFZVH-Q,research-article,de,0.4967401325702667
ark:/67375/HXZ-FPNXMK02-N,research-article,fr,0.4385160505771637
ark:/67375/VQC-3NBSFL8T-6,article,pt,0.2630470097064972
ark:/67375/VQC-8T4S7N6V-1,article,de,0.9922137260437012
ark:/67375/VQC-B3TQD990-V,article,de,0.754623293876648
ark:/67375/VQC-GJCB8FG3-P,article,uk,0.6838720440864563
ark:/67375/6GQ-4ZGVHJB2-H,other,it,0.9213462471961975
ark:/67375/6GQ-PJQSQ0R4-J,book-reviews,fr,0.9613420367240906
ark:/67375/VQC-7VD18F5F-J,research-article,de,0.9789124727249146
ark:/67375/VQC-MCXDRNQ8-0,research-article,fr,0.9618043899536133
ark:/67375/6H6-X3H4X60N-4,,de,0.12078728526830673
ark:/67375/WNG-X5PZ851L-S,other,de,0.3650462031364441
ark:/67375/WNG-XRDRDG50-F,article,de,0.979857861995697
ark:/67375/WNG-F0KDMJ4R-F,book-reviews,de,0.4511081278324127
ark:/67375/WNG-F0VJNKL8-7,article,de,0.9702674746513367
ark:/67375/WNG-F0WP2T6K-B,other,fr,0.9458034038543701
ark:/67375/WNG-FHSCW0L5-0,article,de,0.9841218590736389
ark:/67375/HXZ-DZ02M2TK-S,research-article,ru,0.14596207439899445
ark:/67375/HXZ-LLD07TKB-B,research-article,fr,0.8836244940757751
ark:/67375/HXZ-NSZ7W7NV-8,research-article,uk,0.0983412116765976
ark:/67375/HXZ-QVLNNTF0-P,research-article,ru,0.8548722267150879
ark:/67375/M70-G3TGJFQ5-S,research-article,fr,0.9650300741195679
ark:/67375/M70-G447V0WP-X,research-article,fr,0.9753894805908203
ark:/67375/M70-G7GQJGWT-X,research-article,fr,0.9675947427749634
ark:/67375/M70-G93WCXP7-B,research-article,fr,0.9698930382728577
ark:/67375/M70-GFD885CW-0,other,fr,0.9759871363639832
ark:/67375/M70-JC7QXJC4-7,other,fr,0.9639540314674377
ark:/67375/M70-JFC9HSK2-6,research-article,fr,0.9622098207473755
ark:/67375/M70-N1MPZSFG-L,other,fr,0.9679968357086182
ark:/67375/6H6-F2MFXZBG-W,,es,0.12297717481851578
ark:/67375/HXZ-Z9XSW2B7-X,research-article,fr,0.9418534636497498
ark:/67375/JKT-3W9503F6-V,research-article,fr,0.9546042680740356
ark:/67375/JKT-3XX8PHF7-L,research-article,fr,0.8042325973510742
ark:/67375/JKT-42LC1V25-N,research-article,it,0.9678141474723816
ark:/67375/JKT-439X49M6-W,research-article,fr,0.9350343942642212
ark:/67375/JKT-47WHC5WM-Q,research-article,fr,0.9594987034797668
ark:/67375/JKT-486QT0NZ-Q,research-article,it,0.6656751036643982
ark:/67375/JKT-4913NHDL-L,research-article,it,0.9501398801803589
ark:/67375/JKT-49ZDVPLK-B,research-article,it,0.9136367440223694
ark:/67375/JKT-4J48RPDC-D,research-article,it,0.9322856068611145
ark:/67375/JKT-4LQ3X74Z-W,research-article,it,0.9509509801864624
ark:/67375/JKT-4LZ51LM6-X,research-article,de,0.9859345555305481
ark:/67375/JKT-4NRKN7C0-3,research-article,it,0.9524675011634827
ark:/67375/JKT-4PZN9BR2-J,research-article,it,0.8859631419181824
ark:/67375/JKT-4QBDLNGV-K,research-article,fr,0.9514196515083313
ark:/67375/JKT-4XHPBXDJ-X,research-article,it,0.9534509181976318
ark:/67375/JKT-50TF8VC3-4,research-article,it,0.9606504440307617
ark:/67375/JKT-54GM7XW1-8,research-article,it,0.9687649011611938
ark:/67375/JKT-55830WXG-X,research-article,it,0.9608899354934692
ark:/67375/JKT-58DXSF0C-N,research-article,fr,0.9293925166130066
ark:/67375/JKT-59MZ18Q0-S,research-article,it,0.9131371378898621
ark:/67375/JKT-5B8TV6WJ-F,research-article,de,0.9789226055145264
ark:/67375/JKT-5C0VPN14-6,research-article,fr,0.9666631817817688
ark:/67375/JKT-5CNVN3D5-6,research-article,it,0.9330861568450928
ark:/67375/JKT-5DBZH30K-9,research-article,de,0.33899837732315063
ark:/67375/JKT-5DV6156Q-H,research-article,it,0.9724666476249695
ark:/67375/JKT-5K30C7MR-M,research-article,it,0.9416982531547546
ark:/67375/JKT-5KQVZMF7-V,research-article,it,0.9567183256149292
ark:/67375/JKT-5M5RCZHX-5,research-article,it,0.9614847302436829
ark:/67375/JKT-5VTP1F4S-L,research-article,it,0.9761489629745483
ark:/67375/JKT-5WXV0LD9-X,research-article,it,0.9558135271072388
ark:/67375/JKT-5XMRCW2H-X,research-article,it,0.9552217125892639
ark:/67375/JKT-5ZSQN78W-N,research-article,it,0.9109379649162292
ark:/67375/JKT-618BMJ8Z-S,research-article,it,0.9574165344238281
ark:/67375/JKT-61PM5T0X-R,research-article,fr,0.920046329498291
ark:/67375/JKT-643SMNHT-S,research-article,it,0.9580007195472717
ark:/67375/JKT-643WLM39-K,research-article,it,0.9553820490837097
ark:/67375/JKT-64C145J6-D,research-article,de,0.981706440448761
ark:/67375/JKT-65RJ8HB9-4,research-article,it,0.9714130759239197
ark:/67375/JKT-680Q8QCV-X,research-article,it,0.893475353717804
ark:/67375/JKT-692HZLLD-G,research-article,it,0.951407790184021
ark:/67375/JKT-PMRQWFB1-Q,research-article,it,0.9382738471031189
ark:/67375/JKT-PN9J7BK4-K,research-article,de,0.9600865840911865
ark:/67375/JKT-PQ7VJ9HX-Q,research-article,it,0.9494399428367615
ark:/67375/JKT-PVJ5Z1MR-6,research-article,fr,0.9537670612335205
ark:/67375/JKT-PZNXHJT6-Q,research-article,it,0.9624189734458923
ark:/67375/JKT-Q3SN1HG1-X,research-article,de,0.9838642477989197
ark:/67375/JKT-Q4BSP4G6-X,research-article,it,0.6958719491958618
ark:/67375/JKT-Q725CH43-L,research-article,it,0.9385941028594971
ark:/67375/JKT-Q73G04PG-1,research-article,it,0.9457723498344421
ark:/67375/JKT-Q7ML0Z49-0,research-article,it,0.951062023639679
ark:/67375/JKT-Q8B5F08H-4,research-article,de,0.9714809060096741
ark:/67375/JKT-QC97FVFB-J,research-article,it,0.9259351491928101
ark:/67375/JKT-QG0MNXTG-4,research-article,it,0.9762215614318848
ark:/67375/JKT-QH07ZWN1-N,research-article,it,0.9289223551750183
ark:/67375/JKT-QP4F6ZST-9,research-article,it,0.9226055145263672
ark:/67375/JKT-QQJXZHBV-0,research-article,it,0.9380055665969849
ark:/67375/JKT-QRJ82QG3-M,research-article,it,0.9483320116996765
ark:/67375/JKT-QRZC8K3Q-H,research-article,it,0.9620881676673889
ark:/67375/JKT-QS2KNQ4P-T,research-article,fr,0.9564087390899658
ark:/67375/JKT-QW183MFQ-4,research-article,fr,0.9657487869262695
ark:/67375/JKT-R04CQ5TB-1,research-article,it,0.9533075094223022
ark:/67375/JKT-R3ZLQCTJ-0,research-article,sv,0.8753286600112915
ark:/67375/JKT-R7S7WJNQ-9,research-article,fr,0.9559199213981628
ark:/67375/JKT-R90WF3XD-P,research-article,de,0.9814639687538147
ark:/67375/JKT-RJ9JVLMC-J,research-article,it,0.9361850023269653
ark:/67375/JKT-RLCSKKW6-3,research-article,de,0.9924957156181335
ark:/67375/JKT-RPBGVCWM-R,research-article,it,0.8786224722862244
ark:/67375/JKT-RR3SRW5H-W,research-article,it,0.9587494134902954
ark:/67375/JKT-RT1JMZPN-H,research-article,it,0.9653544425964355
ark:/67375/JKT-RW8H8Z29-6,research-article,fr,0.9565671682357788
ark:/67375/JKT-RWPWSQ4Q-C,research-article,fr,0.9753717184066772
ark:/67375/JKT-RXFJR738-Z,research-article,it,0.9222806096076965
ark:/67375/JKT-S2NR35C2-5,research-article,it,0.6742299795150757
ark:/67375/M70-1WRZLN8C-H,research-article,fr,0.9687316417694092
ark:/67375/M70-1XLDRXZN-D,other,fr,0.9672040343284607
ark:/67375/M70-5JT7KG4C-Q,article,fr,0.7284215688705444
ark:/67375/M70-8T65Z9LL-G,research-article,fr,0.9576309323310852
ark:/67375/M70-BSLP9SJ7-0,research-article,fr,0.9685246348381042
ark:/67375/M70-G5ZW5ZG6-C,article,fr,0.6636678576469421
ark:/67375/M70-JB0L82NV-R,research-article,fr,0.9621396660804749
ark:/67375/M70-QGR5X4G4-0,research-article,fr,0.915131688117981
ark:/67375/M70-H72F0M7M-F,research-article,fr,0.969707727432251
ark:/67375/M70-TC2MF00C-5,research-article,fr,0.9377894401550293
ark:/67375/M70-XLZHX65Q-C,other,fr,0.9691325426101685
ark:/67375/M70-XNC63J6Z-W,research-article,fr,0.9625172019004822
ark:/67375/M70-H9R7ZT7M-R,research-article,fr,0.9619422554969788
ark:/67375/M70-M8T96M2T-3,research-article,fr,0.961935818195343
ark:/67375/M70-QWLWVRB5-T,research-article,fr,0.9650300741195679
ark:/67375/M70-R3C4THPK-3,research-article,fr,0.9610825181007385
ark:/67375/M70-XWNJFQNW-L,other,fr,0.9548775553703308
ark:/67375/WNG-1FPQZ3ZS-X,article,de,0.9685429930686951
ark:/67375/WNG-1Z0DNPNV-M,article,de,0.9674475193023682
ark:/67375/WNG-2HNFQMBQ-S,book-reviews,de,0.7447389364242554
ark:/67375/WNG-BDWSS8MM-S,article,fr,0.9737551808357239
ark:/67375/WNG-ZRSWT4GH-6,article,vi,0.12209057807922363
ark:/67375/6H6-271PR9SL-H,research-article,de,0.9579422473907471
ark:/67375/VQC-LJ2H7N37-2,research-article,de,0.8859079480171204
ark:/67375/VQC-QG6M7VS9-1,research-article,de,0.9601728320121765
ark:/67375/HCB-F5G08S13-F,research-article,fr,0.9044585824012756
ark:/67375/HCB-HW0HXX53-R,research-article,fr,0.9037128686904907
ark:/67375/HCB-HWWNC01S-F,article,fr,0.9025605320930481
ark:/67375/WNG-0D36KBN2-4,book-reviews,de,0.675834596157074
ark:/67375/WNG-2RFCM3TD-H,article,de,0.9825743436813354
ark:/67375/WNG-3R9T3848-P,book-reviews,de,0.07211633771657944
ark:/67375/HCB-J19C4F2W-0,article,it,0.889359712600708
ark:/67375/HCB-R4Z23HB4-2,chapter,fr,0.9448654055595398
ark:/67375/HXZ-300FJQR2-V,research-article,fr,0.665014386177063
ark:/67375/HXZ-37HQWZTQ-0,research-article,fr,0.8510164618492126
ark:/67375/WNG-FGZTWSMF-2,article,de,0.9869639277458191
ark:/67375/WNG-K4NCJ9NM-Z,article,de,0.9675168991088867
ark:/67375/WNG-K55CG335-5,article,es,0.9078066945075989
ark:/67375/WNG-L9M5H995-R,article,nl,0.9838936924934387
ark:/67375/HCB-WQCXD7G6-9,chapter,fr,0.9652506709098816
ark:/67375/HXZ-65HVXGFH-J,abstract,es,0.9505844116210938
ark:/67375/6S2-16WL982F-1,article,pt,0.7892221808433533
ark:/67375/6H6-KJB7BWZP-K,brief-communication,de,0.9025430083274841
ark:/67375/6H6-LKP95CK1-Q,abstract,fr,0.6457354426383972
ark:/67375/WNG-3948XSDG-W,other,fr,0.2801331579685211
ark:/67375/WNG-3VHZ5M7R-0,article,de,0.984122097492218
ark:/67375/WNG-248C8VTS-P,other,es,0.07817350327968597
ark:/67375/WNG-2NCCXK83-W,article,de,0.9347866177558899
ark:/67375/WNG-34DPP7W8-P,article,de,0.9866506457328796
ark:/67375/WNG-FQL54T5Q-0,article,ru,0.1731540411710739
ark:/67375/WNG-G349NCQV-G,article,de,0.9844029545783997
ark:/67375/WNG-G3ZDB1H8-Q,article,ru,0.3380914628505707
ark:/67375/WNG-GLQ48FW5-3,article,de,0.9818294048309326
ark:/67375/WNG-GMF3PG4Q-D,article,fr,0.9006659984588623
ark:/67375/WNG-H5726Q1T-R,article,de,0.9791430234909058
ark:/67375/WNG-J24W6GDF-B,article,ru,0.32518789172172546
ark:/67375/WNG-JHMQ637N-8,article,de,0.9876977801322937
ark:/67375/WNG-K34ZBH9Z-0,case-report,de,0.11675490438938141
ark:/67375/WNG-H9TD2HKX-9,article,de,0.791545569896698
ark:/67375/WNG-J66KKMT0-2,article,de,0.9885779023170471
ark:/67375/HXZ-KN1T9JZZ-G,research-article,ru,0.0902356505393982
ark:/67375/HXZ-KNCN31NG-1,research-article,fr,0.955376923084259
ark:/67375/HXZ-V8PFTWQR-2,research-article,ru,0.1328011304140091
ark:/67375/HXZ-VBQV3CNW-F,research-article,fr,0.9575233459472656
ark:/67375/HXZ-XF1FKNW6-P,research-article,uk,0.11815590411424637
ark:/67375/HXZ-XHWTMW2Q-V,research-article,uk,0.11805932223796844
ark:/67375/JKT-05KP5D4J-5,research-article,it,0.9378858804702759
ark:/67375/JKT-06WF3LPL-G,research-article,de,0.9860743284225464
ark:/67375/JKT-08H025HH-F,research-article,it,0.9230815768241882
ark:/67375/JKT-08SLTN09-6,research-article,fr,0.9589488506317139
ark:/67375/JKT-09HHGWZS-1,research-article,it,0.9291714429855347
ark:/67375/JKT-0BTSPVWH-D,research-article,it,0.9260801076889038
ark:/67375/JKT-0CGN9BLF-V,research-article,it,0.958245038986206
ark:/67375/JKT-0DKBLWPX-M,research-article,it,0.9492736458778381
ark:/67375/JKT-0JR39Q27-F,research-article,it,0.9433082342147827
ark:/67375/JKT-0MV31GNS-D,research-article,it,0.8833549618721008
ark:/67375/JKT-0NT35D1X-S,research-article,de,0.9911043643951416
ark:/67375/JKT-0QK32WBJ-B,research-article,de,0.2506265342235565
ark:/67375/JKT-0XM8VRH8-T,research-article,fr,0.9383173584938049
ark:/67375/JKT-109X643H-B,research-article,it,0.9381314516067505
ark:/67375/JKT-119V6453-G,research-article,it,0.9321845769882202
ark:/67375/JKT-11T3MWLF-B,research-article,it,0.9266847372055054
ark:/67375/JKT-12321J3B-5,research-article,de,0.9755125641822815
ark:/67375/JKT-15QK29MD-C,research-article,it,0.9094099998474121
ark:/67375/JKT-163083M6-J,research-article,it,0.9749780893325806
ark:/67375/JKT-1671MJ9S-T,research-article,fr,0.8679268956184387
ark:/67375/JKT-16W0SLW0-2,research-article,it,0.9462985396385193
ark:/67375/JKT-18KJLQZG-6,research-article,de,0.9525089263916016
ark:/67375/JKT-M04HXMDQ-G,research-article,fr,0.956204891204834
ark:/67375/JKT-M04T2PS0-D,research-article,it,0.9691206216812134
ark:/67375/JKT-M0C54NLM-H,research-article,it,0.9572299122810364
ark:/67375/JKT-M0W6CDS5-L,research-article,it,0.9331644177436829
ark:/67375/JKT-M4GSJHFG-7,research-article,de,0.984673798084259
ark:/67375/JKT-M8MK79LW-B,research-article,fr,0.9644083380699158
ark:/67375/JKT-M95MNH6S-5,research-article,fr,0.8943384289741516
ark:/67375/JKT-MB237GB6-9,research-article,de,0.9859494566917419
ark:/67375/JKT-MDJZN5K5-W,research-article,it,0.9546188116073608
ark:/67375/JKT-MHBCMH1B-D,research-article,de,0.9788981676101685
ark:/67375/JKT-MHQMN0P0-3,research-article,it,0.9640498757362366
ark:/67375/JKT-MKW50XHP-L,research-article,it,0.8970107436180115
ark:/67375/JKT-MLCRWJZW-K,research-article,it,0.9672983288764954
ark:/67375/JKT-MLZ9TTTK-K,research-article,de,0.9800949692726135
ark:/67375/JKT-MNFLPL95-K,research-article,it,0.9655552506446838
ark:/67375/JKT-MNT1QT49-H,research-article,fr,0.9687359929084778
ark:/67375/JKT-MS9XQ8CL-4,research-article,it,0.9339894652366638
ark:/67375/JKT-N6R28VSG-V,research-article,it,0.9080442786216736
ark:/67375/JKT-N6XF39J6-Q,research-article,it,0.6857324838638306
ark:/67375/JKT-N83CVCNL-Q,research-article,it,0.9484419226646423
ark:/67375/JKT-N88NKDW8-W,research-article,de,0.9720140695571899
ark:/67375/JKT-NB4MRVDF-0,research-article,it,0.9494304656982422
ark:/67375/JKT-NBGT92SD-8,research-article,it,0.9604148864746094
ark:/67375/JKT-NC3BJ2GB-J,research-article,it,0.9726225137710571
ark:/67375/JKT-NC3DKP02-C,research-article,de,0.9912667274475098
ark:/67375/JKT-NDCFCNVG-C,research-article,it,0.9613960981369019
ark:/67375/JKT-NF3MMHP5-0,research-article,it,0.9339390397071838
ark:/67375/JKT-NMP7RDM5-4,research-article,it,0.9586387872695923
ark:/67375/JKT-NNQ6NHPG-B,research-article,it,0.522388219833374
ark:/67375/JKT-NQ1BNJ88-N,research-article,it,0.9593284726142883
ark:/67375/JKT-NR3R1DXD-Z,research-article,it,0.9489654898643494
ark:/67375/JKT-NSH90H91-P,research-article,it,0.440414696931839
ark:/67375/JKT-NXS1H0B2-N,research-article,fr,0.9698376655578613
ark:/67375/JKT-P3DSQK20-B,research-article,it,0.9483223557472229
ark:/67375/JKT-P4VDQHKD-Z,research-article,it,0.96497642993927
ark:/67375/JKT-PB6VDT4X-L,research-article,fr,0.9785312414169312
ark:/67375/M70-1FRKCQRM-P,research-article,fr,0.9678691029548645
ark:/67375/M70-1GM7WJH5-7,other,fr,0.9730746746063232
ark:/67375/M70-1M4TPL4G-7,research-article,fr,0.9562076926231384
ark:/67375/VQC-0DVG5CGN-3,research-article,de,0.9809209704399109
ark:/67375/VQC-HW2C9NBF-S,article,es,0.3088975250720978
ark:/67375/VQC-VF714LJQ-Z,article,de,0.9873373508453369
ark:/67375/WNG-TTSGL379-8,book-reviews,de,0.9441261291503906
ark:/67375/WNG-X28XDM7Q-1,other,fr,0.0851292610168457
ark:/67375/WNG-XJ6B316M-C,other,de,0.5788558125495911
ark:/67375/6H6-RZ9BHXQG-X,research-article,fr,0.8647825717926025
ark:/67375/6H6-WK3NSTJL-K,research-article,fr,0.9266750812530518
ark:/67375/6H6-VHM33KKD-4,research-article,fr,0.9243632555007935
ark:/67375/6H6-VWK528GT-0,research-article,fr,0.9115447998046875
ark:/67375/WNG-SBQGXHQR-4,article,de,0.9835923314094543
ark:/67375/WNG-SRTJDMXN-P,book-reviews,de,0.92161625623703
ark:/67375/6H6-X2RL1TKM-G,conference,de,0.17222647368907928
ark:/67375/6H6-XMTF9LTN-L,abstract,de,0.9755440354347229
ark:/67375/WNG-SMK1Z1N2-S,book-reviews,de,0.9905063509941101
ark:/67375/WNG-T7JFPQNV-N,article,de,0.9278547167778015
ark:/67375/WNG-TRVWF65W-C,article,ru,0.07617530226707458
ark:/67375/WNG-VQK7CM0Q-2,article,de,0.9625360369682312
ark:/67375/WNG-W4MLZMVV-F,article,fr,0.31293725967407227
ark:/67375/6H6-BZ7QMGH5-0,conference,es,0.22598186135292053
ark:/67375/WNG-Q19HG967-R,article,de,0.07385019212961197
ark:/67375/WNG-SCGCZWVT-F,article,de,0.9897596836090088
ark:/67375/6H6-G60MSHT8-0,,fr,0.9389261603355408
ark:/67375/6H6-GJZRHB1B-D,other,fr,0.28229376673698425
ark:/67375/HCB-H5665CK8-S,research-article,fr,0.9262980222702026
ark:/67375/HCB-MNQ2VM4D-Q,chapter,fr,0.9013344645500183
ark:/67375/HCB-MNTWRP89-V,chapter,fr,0.9685554504394531
ark:/67375/HCB-W2S2RJX4-W,chapter,fr,0.9620996713638306
ark:/67375/HCB-ZTSP25C7-M,article,fr,0.9088231325149536
ark:/67375/HXZ-1WLJ41MT-B,research-article,fr,0.9680340886116028
ark:/67375/HCB-C98LD5RF-C,article,fr,0.9222219586372375
ark:/67375/HCB-GK6ZV07Q-4,chapter,fr,0.9324550628662109
ark:/67375/6H6-R6PP7L5K-1,research-article,fr,0.8006431460380554
ark:/67375/M70-68R14RCK-H,research-article,fr,0.9590282440185547
ark:/67375/M70-68TR64Z8-7,other,fr,0.9595892429351807
ark:/67375/M70-69ZKN2P8-R,research-article,fr,0.9446702003479004
ark:/67375/6GQ-062FGDSM-S,review-article,fr,0.9744198322296143
ark:/67375/6GQ-9TBZXDM6-S,book-reviews,de,0.974790096282959
ark:/67375/WNG-T6CNPXHC-L,other,ru,0.1630925089120865
ark:/67375/6H6-60MJ8TX3-X,research-article,fr,0.9261014461517334
ark:/67375/6H6-68GDVSV2-Z,research-article,fr,0.8894240260124207
ark:/67375/WNG-6W9Z21CN-Q,article,pt,0.052788618952035904
ark:/67375/WNG-7BR3QD2H-Q,editorial,de,0.07257431745529175
ark:/67375/WNG-7DDZKL7G-C,article,de,0.9876969456672668
ark:/67375/6H6-N2J9VGCN-4,,ru,0.22699356079101562
ark:/67375/6H6-D2JVQGMT-G,research-article,de,0.951399028301239
ark:/67375/M70-6FLCRJCJ-R,other,fr,0.9299575686454773
ark:/67375/M70-RH26KKPF-X,review-article,es,0.9317426681518555
ark:/67375/M70-585W26DS-F,research-article,fr,0.9639655947685242
ark:/67375/M70-D9FMW9C6-Q,other,fr,0.9702187180519104
ark:/67375/M70-HFS0KFQG-P,other,fr,0.9711500406265259
ark:/67375/M70-MF7CBP8W-P,other,fr,0.9698228240013123
ark:/67375/M70-RFN8S5RG-M,other,fr,0.9431767463684082
ark:/67375/M70-RQH40TCX-L,research-article,fr,0.943814754486084
ark:/67375/M70-VV23BQLF-3,article,uk,0.08583489805459976
ark:/67375/6H6-JSC3Z0LV-H,other,fr,0.957456111907959
ark:/67375/6S2-MLWQNVWD-5,article,es,0.812096357345581
ark:/67375/6S2-W54B3FJ0-N,article,el,0.9662061333656311
ark:/67375/6S2-W5N8CSGV-6,article,es,0.8873380422592163
ark:/67375/6S2-WHCVXK4B-0,article,es,0.8992154002189636
ark:/67375/6S2-WX9NS8C0-F,article,el,0.9833906888961792
ark:/67375/6H6-6K1GSBLZ-0,research-article,fr,0.895206093788147
ark:/67375/6H6-7SD4FVSB-7,other,ru,0.5324819087982178
ark:/67375/M70-5B1NTTMF-9,other,fr,0.9512596130371094
ark:/67375/M70-9NZG0Q9F-G,research-article,fr,0.9222633242607117
ark:/67375/M70-JV4Z9HLW-0,research-article,fr,0.9684119820594788
ark:/67375/M70-K1K62T05-F,other,fr,0.9508321285247803
ark:/67375/M70-K4409D0N-7,other,fr,0.9525408744812012
ark:/67375/M70-SH25SJH6-N,research-article,fr,0.959382951259613
ark:/67375/M70-X4J1767D-W,research-article,fr,0.9077244400978088
ark:/67375/6H6-L888R4ZP-R,,es,0.3815224766731262
ark:/67375/WNG-ZD7P822H-L,abstract,cs,0.17732921242713928
ark:/67375/6GQ-N1DFWDTZ-8,other,fr,0.840665876865387
ark:/67375/6S2-04F3W10M-N,article,es,0.8949239253997803
ark:/67375/6S2-6K4N87D6-X,article,es,0.8235054016113281
ark:/67375/6H6-MBVTFR4F-W,research-article,fr,0.9242308735847473
ark:/67375/VQC-1NDFBX8C-T,article,ru,0.22770746052265167
ark:/67375/6S2-95T9W1FC-Q,article,es,0.8478389382362366
ark:/67375/6S2-JHS6H80Z-R,article,es,0.7872585654258728
ark:/67375/6S2-JLDT5HXV-9,article,es,0.788758397102356
ark:/67375/6S2-K1ZXNKGH-X,article,es,0.8104967474937439
ark:/67375/6S2-QX9B1CP2-F,article,es,0.8458482623100281
ark:/67375/6S2-L286D370-K,article,pt,0.39414456486701965
ark:/67375/WNG-NHZBLMBX-R,article,de,0.9606661200523376
ark:/67375/WNG-PV0V51WL-M,other,de,0.7767331600189209
ark:/67375/WNG-Q8XQTZSG-P,article,fr,0.903700053691864
ark:/67375/WNG-RCFXTV00-1,article,fr,0.8953125476837158
ark:/67375/WNG-RTBW4D22-M,article,de,0.973803699016571
ark:/67375/WNG-TM93P15T-8,abstract,de,0.17804467678070068
ark:/67375/WNG-1SW01WSF-P,other,de,0.8737047910690308
ark:/67375/WNG-2KBLH53M-4,article,fr,0.8737196922302246
ark:/67375/WNG-2ZD49N89-T,article,de,0.44577664136886597
ark:/67375/WNG-30861H9X-M,article,de,0.09986421465873718
ark:/67375/WNG-309D9JQR-5,article,de,0.9933995604515076
ark:/67375/WNG-3JGZC698-T,article,fr,0.8858389854431152
ark:/67375/WNG-41X7R29C-D,article,fr,0.9704927802085876
ark:/67375/WNG-422SHKTF-L,article,de,0.0796758309006691
ark:/67375/WNG-4JF0CS5B-M,article,fr,0.9573992490768433
ark:/67375/WNG-52H3MS80-T,book-reviews,de,0.9226930737495422
ark:/67375/WNG-5JTZM7XH-M,article,de,0.9820594787597656
ark:/67375/WNG-6HRTLCF5-V,article,de,0.9755895733833313
ark:/67375/WNG-7H0ZSQWL-0,article,de,0.8963261842727661
ark:/67375/WNG-7HL5XSKM-6,article,de,0.9197635054588318
ark:/67375/WNG-8ZVMJC1B-M,article,de,0.0572153776884079
ark:/67375/WNG-91FSRW5V-V,other,de,0.4965573251247406
ark:/67375/6H6-WWNHF11H-2,research-article,fr,0.9041569828987122
ark:/67375/6H6-3BPBCMNZ-2,research-article,de,0.9611572623252869
ark:/67375/WNG-3G8GSG5G-J,article,de,0.9917505979537964
ark:/67375/WNG-4V2H0XJM-B,article,fr,0.9639272093772888
ark:/67375/WNG-5WDCSR02-1,article,de,0.9048583507537842
ark:/67375/6H6-QDHL87V9-V,other,fr,0.9644272923469543
ark:/67375/6H6-QHG7XKW6-B,,it,0.13315345346927643
ark:/67375/WNG-89DMS203-V,article,fr,0.9593627452850342
ark:/67375/WNG-BGVTDMPG-R,article,de,0.9788755178451538
ark:/67375/6H6-8J2M75P2-1,,it,0.14362548291683197
ark:/67375/6H6-BDG5PM2W-J,research-article,fr,0.8783449530601501
ark:/67375/VQC-879DMCR7-F,research-article,fr,0.899941086769104
ark:/67375/VQC-9SKMWSRS-Q,research-article,de,0.961025059223175
ark:/67375/VQC-G0HFKNMQ-T,research-article,fr,0.8965479731559753
ark:/67375/VQC-HCRC5BG3-F,research-article,de,0.986040472984314
ark:/67375/WNG-JCKK93K7-K,article,fr,0.913196861743927
ark:/67375/WNG-KC9H5NHF-J,article,de,0.9872963428497314
ark:/67375/WNG-LWDK009W-1,article,de,0.9781573414802551
ark:/67375/WNG-MVC2LFH6-9,article,de,0.07895369827747345
ark:/67375/HXZ-5ZTHSG7K-T,research-article,ru,0.14064854383468628
ark:/67375/HXZ-7HKMTS55-4,research-article,de,0.3480736315250397
ark:/67375/HXZ-9NBZX09M-D,research-article,uk,0.0669640302658081
ark:/67375/HXZ-J7ZT7L3R-Z,research-article,uk,0.1423369199037552
ark:/67375/WNG-NQ4JJ3QP-8,abstract,de,0.06305083632469177
ark:/67375/WNG-R2112NTF-H,article,de,0.9665411710739136
ark:/67375/6H6-B5BSD22Q-T,research-article,fr,0.9016546010971069
ark:/67375/JKT-VL1J36JF-5,research-article,fr,0.9552870392799377
ark:/67375/M70-GVXW0KQH-1,research-article,fr,0.9624273180961609
ark:/67375/M70-KPRQLQG1-3,research-article,fr,0.933520495891571
ark:/67375/M70-KSJC836H-D,research-article,fr,0.9407278895378113
ark:/67375/M70-KTQPDNT1-M,other,fr,0.9627088904380798
ark:/67375/M70-Q0SWZMK9-3,research-article,fr,0.9500535130500793
ark:/67375/WNG-2C1NK2C4-3,article,de,0.988253116607666
ark:/67375/WNG-4HG2QBL7-L,article,de,0.9806957244873047
ark:/67375/WNG-5GQSJ3JR-Z,other,fr,0.17597603797912598
ark:/67375/6H6-MPF9WXMD-R,research-article,fr,0.9158455729484558
ark:/67375/6H6-SP7LXQW4-1,,fr,0.7094621658325195
ark:/67375/HXZ-TTK4M5T3-B,research-article,ru,0.13169218599796295
ark:/67375/JKT-8TVRV17T-L,research-article,de,0.9889153242111206
ark:/67375/JKT-8V939B33-S,research-article,it,0.9436495900154114
ark:/67375/JKT-8VWXQRDQ-Q,research-article,fr,0.9711344242095947
ark:/67375/JKT-8WB0J5VB-7,research-article,it,0.5795202255249023
ark:/67375/JKT-8XC8RW6W-H,research-article,it,0.9656985998153687
ark:/67375/JKT-8XT741QD-V,research-article,it,0.9133377075195312
ark:/67375/JKT-952JVMV3-S,research-article,de,0.9431706070899963
ark:/67375/JKT-98M2KZW5-R,research-article,it,0.9587711095809937
ark:/67375/JKT-98W1146C-D,research-article,it,0.6994597911834717
ark:/67375/JKT-9DDF6ZVJ-J,research-article,de,0.9742435216903687
ark:/67375/JKT-9F1DQX0M-H,research-article,de,0.9909511804580688
ark:/67375/JKT-9HJD5RV6-1,research-article,it,0.8213724493980408
ark:/67375/JKT-9M084893-C,research-article,it,0.8963279128074646
ark:/67375/JKT-9WMCMM23-B,research-article,fr,0.9486886262893677
ark:/67375/JKT-9X1P69WH-N,research-article,it,0.9469696879386902
ark:/67375/JKT-B2B47ZQK-4,research-article,it,0.9710544347763062
ark:/67375/JKT-B47ZSXW2-3,research-article,it,0.8009105324745178
ark:/67375/JKT-B7SVPT3M-H,research-article,it,0.900458812713623
ark:/67375/JKT-BLLJ7K23-4,research-article,it,0.9556934833526611
ark:/67375/JKT-BN6LDZHR-4,research-article,de,0.9003462195396423
ark:/67375/JKT-BRW3GFJP-N,research-article,it,0.9384633898735046
ark:/67375/JKT-BS4XC770-R,research-article,it,0.9427423477172852
ark:/67375/JKT-BSKT7VNB-9,research-article,it,0.9671670794487
ark:/67375/JKT-BT923X70-V,research-article,fr,0.541878342628479
ark:/67375/JKT-BV7QNNKS-W,research-article,it,0.9637302756309509
ark:/67375/JKT-BVNXHDZG-T,research-article,it,0.865821361541748
ark:/67375/JKT-BXM51T5Q-6,research-article,it,0.8697706460952759
ark:/67375/JKT-C00LH8DX-7,research-article,it,0.9648345112800598
ark:/67375/JKT-C189MD17-S,research-article,it,0.9575457572937012
ark:/67375/JKT-C2B6QLQB-V,research-article,it,0.9600895643234253
ark:/67375/JKT-C3MRH64H-B,research-article,fr,0.9649673700332642
ark:/67375/JKT-C4ZF0PNW-7,research-article,fr,0.8175122737884521
ark:/67375/JKT-C6D9ZF9Z-G,research-article,it,0.2898387014865875
ark:/67375/JKT-C751DRQ0-C,research-article,fr,0.9380418658256531
ark:/67375/JKT-C8C0C4SH-6,research-article,it,0.9615755081176758
ark:/67375/JKT-C8SL908W-T,research-article,it,0.9600796103477478
ark:/67375/JKT-S3KT1WJP-7,research-article,it,0.9743527173995972
ark:/67375/JKT-S4D37999-7,research-article,it,0.9537696242332458
ark:/67375/JKT-S4KBC7X2-F,research-article,fr,0.9757627844810486
ark:/67375/JKT-S6HV99GD-5,research-article,it,0.9404909014701843
ark:/67375/JKT-S8QH71HT-T,research-article,it,0.9660015106201172
ark:/67375/JKT-SCZ218QS-T,research-article,it,0.6102139949798584
ark:/67375/JKT-SFL54PK5-D,research-article,it,0.9578458666801453
ark:/67375/JKT-SLB7ZXJZ-B,research-article,fr,0.931023120880127
ark:/67375/JKT-SMJ3J98Q-1,research-article,it,0.9409486651420593
ark:/67375/JKT-SNLX4XHW-X,research-article,de,0.9775433540344238
ark:/67375/JKT-SQ2WPJH4-T,research-article,it,0.8983359932899475
ark:/67375/JKT-SQ6V1CZ7-H,research-article,fr,0.9543168544769287
ark:/67375/JKT-SQNFBKVK-Z,research-article,it,0.9787233471870422
ark:/67375/JKT-SV4XXV06-K,research-article,it,0.9611199498176575
ark:/67375/JKT-SWD2NWQP-F,research-article,it,0.9559849500656128
ark:/67375/JKT-SX0P9M5X-P,research-article,it,0.9529896378517151
ark:/67375/JKT-SX7K7FNL-5,research-article,it,0.9327541589736938
ark:/67375/JKT-SXL4CJ6S-B,research-article,it,0.6029736995697021
ark:/67375/JKT-T01CH9KX-Z,research-article,it,0.9564779996871948
ark:/67375/JKT-T0LXKZVG-7,research-article,fr,0.9524415731430054
ark:/67375/JKT-T4G3QQL6-Q,research-article,it,0.9662825465202332
ark:/67375/JKT-T54VWXSW-R,research-article,it,0.9157750010490417
ark:/67375/JKT-TBMTVF01-7,research-article,it,0.5721954107284546
ark:/67375/JKT-TFC88XP6-V,research-article,de,0.9718708395957947
ark:/67375/JKT-TGND9WFD-8,research-article,fr,0.9291476011276245
ark:/67375/JKT-THQ5356C-M,research-article,it,0.8799444437026978
ark:/67375/JKT-TJ1KRQ2L-D,research-article,it,0.9539303779602051
ark:/67375/JKT-TR1JXJZ9-D,research-article,it,0.9694721102714539
ark:/67375/JKT-TRKZM52X-2,research-article,it,0.668302595615387
ark:/67375/JKT-TSHJVPRT-V,research-article,it,0.973158061504364
ark:/67375/JKT-TT7NVVQ7-3,research-article,fr,0.9486327767372131
ark:/67375/JKT-TVHS1RB0-0,research-article,fr,0.9653137922286987
ark:/67375/JKT-TXZMP7HZ-Z,research-article,it,0.9587563872337341
ark:/67375/JKT-TZHJ6WB2-W,research-article,it,0.9435675740242004
ark:/67375/JKT-TZPKTHLT-D,research-article,la,0.3566786050796509
ark:/67375/JKT-V130RBHW-B,research-article,it,0.9721962809562683
ark:/67375/JKT-V2RBBJWK-T,research-article,de,0.9751467704772949
ark:/67375/JKT-V4GQPH0J-8,research-article,it,0.9821339845657349
ark:/67375/JKT-V596GS82-2,research-article,it,0.9663452506065369
ark:/67375/JKT-V5M1WT25-F,research-article,it,0.9299639463424683
ark:/67375/JKT-V7JVX90S-3,research-article,de,0.9892995953559875
ark:/67375/JKT-V7VH20DK-5,research-article,de,0.11924563348293304
ark:/67375/JKT-V9X6JM82-W,research-article,it,0.8878676891326904
ark:/67375/JKT-VCDWR7WH-Z,research-article,fr,0.9727227687835693
ark:/67375/JKT-VGWBJQDJ-N,research-article,it,0.9546660780906677
ark:/67375/JKT-VHLBCNJR-B,research-article,it,0.9647443890571594
ark:/67375/JKT-VK7RP623-9,research-article,it,0.9578394889831543
ark:/67375/JKT-VKH7QL55-F,research-article,de,0.9630312323570251
ark:/67375/WNG-RL9CSNN0-V,article,fr,0.7432931065559387
ark:/67375/WNG-RZX67LTR-Z,article,fr,0.5417105555534363
ark:/67375/6GQ-5VDFB38N-7,book-reviews,fr,0.9022489190101624
ark:/67375/6GQ-QPH43WP0-5,review-article,fr,0.9565944671630859
ark:/67375/M70-KW4TBJBQ-8,research-article,fr,0.6833664774894714
ark:/67375/QT4-MS92HLPZ-P,research-article,pl,0.9355666041374207
ark:/67375/QT4-N1BXGVB9-7,research-article,pl,0.9366257786750793
ark:/67375/GT4-5VQ7981D-0,article,de,0.28780606389045715
ark:/67375/GT4-VZZKG34C-N,article,fr,0.9099794030189514
ark:/67375/VQC-FCG8Q65X-N,article,fr,0.5717188119888306
ark:/67375/6H6-GNXH81JR-C,conference,fr,0.25581488013267517
ark:/67375/HCB-1GKLXQQ1-9,article,fr,0.9167188405990601
ark:/67375/HCB-1H60FTGB-3,article,fr,0.9477031826972961
ark:/67375/HCB-91L85B34-8,chapter,fr,0.9295883178710938
ark:/67375/6H6-03RGC299-2,,fr,0.448225736618042
ark:/67375/6H6-1DJJGD1G-7,research-article,fr,0.8858505487442017
ark:/67375/WNG-9HP3D651-5,article,de,0.9619042277336121
ark:/67375/WNG-9WMWH4F6-2,other,uk,0.5547980070114136
ark:/67375/WNG-BCQZSC9M-1,article,de,0.10478215664625168
ark:/67375/WNG-C4TX42KH-P,article,de,0.9821940064430237
ark:/67375/WNG-CP4J2Q5P-J,article,de,0.9658911228179932
ark:/67375/WNG-DK3VQR0K-M,article,de,0.0987326055765152
ark:/67375/WNG-F246DQGC-9,article,ru,0.2657698094844818
ark:/67375/WNG-F29N44CH-H,article,de,0.18352051079273224
ark:/67375/WNG-WXP35TJJ-7,article,de,0.08283897489309311
ark:/67375/6H6-6NVHL5QJ-P,research-article,fr,0.9479523301124573
ark:/67375/6H6-0853JC6Z-8,research-article,fr,0.8273102045059204
ark:/67375/WNG-0KK548ST-7,article,fr,0.9560025334358215
ark:/67375/WNG-1375WX79-G,article,de,0.979317307472229
ark:/67375/6S2-F1WZB54P-N,article,el,0.9371175765991211
ark:/67375/6S2-ZQH15704-K,article,el,0.9768388271331787
ark:/67375/6GQ-9FW8CSVW-K,other,fr,0.9745306372642517
ark:/67375/6GQ-MH5WB1V9-0,book-reviews,de,0.9933401346206665
ark:/67375/WNG-7L38DKT2-M,review-article,de,0.07060186564922333
ark:/67375/WNG-80XKP6J9-P,article,de,0.9894213080406189
ark:/67375/WNG-813L2139-6,other,de,0.5460779070854187
ark:/67375/WNG-8DPFBKHD-0,article,de,0.9423834681510925
ark:/67375/WNG-8TXXJTHL-F,article,de,0.08022088557481766
ark:/67375/6GQ-ZBHCNM20-J,book-reviews,it,0.9483947157859802
ark:/67375/6H6-0DCV7X9W-G,,es,0.17923195660114288
ark:/67375/WNG-CRL0RWJW-2,book-reviews,de,0.08038140088319778
ark:/67375/WNG-FF26GHMP-N,article,de,0.09209080040454865
ark:/67375/WNG-H1B9KML2-X,article,de,0.980237603187561
ark:/67375/VQC-FVV5K0LN-4,article,de,0.9909259676933289
ark:/67375/6H6-T26TV4DK-L,article,fr,0.9750743508338928
ark:/67375/6H6-TG2MN513-M,conference,de,0.21778930723667145
ark:/67375/6H6-W0LS8GDZ-S,research-article,de,0.9543957710266113
ark:/67375/M70-14G18D2S-6,research-article,fr,0.9672624468803406
ark:/67375/M70-4CK5QXJQ-L,research-article,fr,0.9726815223693848
ark:/67375/6H6-KR11J59R-L,research-article,fr,0.9423834085464478
ark:/67375/6H6-LVX9ZDR2-P,abstract,fr,0.9588954448699951
ark:/67375/WNG-ZFBZTHF2-7,article,de,0.9505209922790527
ark:/67375/WNG-ZW42N4DV-W,article,de,0.08367417007684708
ark:/67375/WNG-ZW95V5VG-L,other,de,0.8390501737594604
ark:/67375/QT4-1C8CBZ38-Z,research-article,pl,0.878387451171875
ark:/67375/QT4-25H6S7VC-Q,research-article,pl,0.934124767780304
ark:/67375/WNG-SHG1D6D3-V,article,fr,0.9260804057121277
ark:/67375/WNG-SZ700VR0-L,article,de,0.9742335677146912
ark:/67375/WNG-TF7XWJKV-N,article,ru,0.12335219234228134
ark:/67375/6H6-4T33S5QS-D,,pt,0.45343971252441406
ark:/67375/6H6-6Q7LBSQQ-6,other,uk,0.11678943037986755
ark:/67375/6H6-8LPJSVFS-C,,fr,0.9672607779502869
ark:/67375/JKT-FZ3LDN3P-N,research-article,de,0.9819924831390381
ark:/67375/JKT-FZQFSRNZ-0,research-article,de,0.9593862891197205
ark:/67375/JKT-G2QHX209-C,research-article,it,0.9534421563148499
ark:/67375/JKT-G3WM50KG-D,research-article,it,0.9625166058540344
ark:/67375/JKT-G44LD5Z1-B,research-article,it,0.9703674912452698
ark:/67375/JKT-GD0NDN6H-9,research-article,fr,0.8859602808952332
ark:/67375/JKT-GD5WT7HJ-J,research-article,it,0.9537484645843506
ark:/67375/JKT-GDHWTTVX-H,research-article,de,0.9893730282783508
ark:/67375/JKT-GHL6FKTN-H,research-article,it,0.9553929567337036
ark:/67375/JKT-GLQCX4RB-2,research-article,it,0.9527623057365417
ark:/67375/JKT-GNZXDZ8N-N,research-article,it,0.9040428400039673
ark:/67375/JKT-GT2KB798-0,research-article,it,0.8222805857658386
ark:/67375/JKT-H1SCC089-5,research-article,it,0.9333416223526001
ark:/67375/JKT-H94S0T9L-W,research-article,it,0.9554141759872437
ark:/67375/JKT-HC87R4D3-W,research-article,it,0.9589752554893494
ark:/67375/JKT-HCVXRMJ7-1,research-article,it,0.9562832713127136
ark:/67375/JKT-HG9F4BXR-W,research-article,it,0.8687853813171387
ark:/67375/JKT-HGBF1RRL-V,research-article,it,0.581803560256958
ark:/67375/JKT-HH352FLN-R,research-article,it,0.7551302313804626
ark:/67375/JKT-HHG2TKTX-6,research-article,fr,0.9589630961418152
ark:/67375/JKT-HQDVPNCW-J,research-article,fr,0.9336153864860535
ark:/67375/JKT-HSJZ7BGP-F,research-article,it,0.9612270593643188
ark:/67375/JKT-HVN5FCM6-J,research-article,fr,0.6360883712768555
ark:/67375/JKT-HVR6NZ97-0,research-article,de,0.9824931025505066
ark:/67375/JKT-J40PW9W5-5,research-article,de,0.9904870390892029
ark:/67375/JKT-J53ZTD7Z-4,research-article,it,0.9557374715805054
ark:/67375/JKT-J5RNSZT1-F,research-article,fr,0.9568878412246704
ark:/67375/JKT-J8X66QXQ-9,research-article,it,0.9592665433883667
ark:/67375/M70-18FQJBKF-Q,other,fr,0.9629348516464233
ark:/67375/M70-191X0KLB-9,article,fr,0.7889178991317749
ark:/67375/M70-7XW7CDRF-3,research-article,fr,0.9739120602607727
ark:/67375/M70-0HNNPRSQ-2,other,fr,0.9589620232582092
ark:/67375/M70-0N5HSCHF-M,research-article,fr,0.9555083513259888
ark:/67375/M70-81JSQ4CL-V,other,fr,0.36357179284095764
ark:/67375/M70-84Z0FDD7-H,research-article,fr,0.9560039043426514
ark:/67375/M70-85DSK3XT-B,other,fr,0.9512323141098022
ark:/67375/M70-LT44DHW8-X,other,fr,0.9690220355987549
ark:/67375/M70-7P3KG95J-G,research-article,fr,0.9481415748596191
ark:/67375/M70-CBKFS3XV-W,other,fr,0.9518178105354309
ark:/67375/M70-CDDCQFKL-Z,research-article,fr,0.9666929841041565
ark:/67375/JKT-7XB9KB4C-5,research-article,it,0.9721776247024536
ark:/67375/JKT-7XPQZF0F-2,research-article,de,0.9726817607879639
ark:/67375/JKT-86Q43XZC-C,research-article,it,0.9526724219322205
ark:/67375/JKT-88FV152V-F,research-article,it,0.4541749954223633
ark:/67375/JKT-89WXM4DP-C,research-article,it,0.8113410472869873
ark:/67375/JKT-8HQ85CMB-C,research-article,fr,0.9625184535980225
ark:/67375/JKT-8M89Q220-9,research-article,it,0.9490744471549988
ark:/67375/JKT-8PD1BDK1-Q,research-article,fr,0.9744435548782349
ark:/67375/JKT-8SM6M7QS-M,research-article,it,0.9729676842689514
ark:/67375/M70-0VP3SXG4-B,research-article,fr,0.9548181891441345
ark:/67375/M70-0WQ66LJG-3,research-article,fr,0.9465217590332031
ark:/67375/M70-4VMPBW4R-L,research-article,fr,0.9759177565574646
ark:/67375/M70-8B1VTCV2-P,research-article,fr,0.9601904153823853
ark:/67375/M70-DH5Q927F-N,research-article,fr,0.9666165709495544
ark:/67375/M70-HTDPQ898-T,research-article,es,0.8593277931213379
ark:/67375/M70-J32RQBPQ-B,research-article,fr,0.9462743401527405
ark:/67375/M70-PNSZRWXX-1,research-article,fr,0.9613054394721985
ark:/67375/M70-V7WVQCRD-5,research-article,fr,0.9721969366073608
ark:/67375/M70-ZNVK7S1D-0,research-article,fr,0.9351716637611389
ark:/67375/M70-QKD1TZH8-C,research-article,fr,0.9646995067596436
ark:/67375/M70-QL2XVLF6-2,research-article,fr,0.9560619592666626
ark:/67375/M70-STTDCHLR-P,research-article,fr,0.9540681838989258
ark:/67375/M70-XFTH1Q72-B,research-article,fr,0.9505084156990051
ark:/67375/M70-XG3D58BC-W,research-article,fr,0.9450199604034424
ark:/67375/M70-XJ16K1WC-V,research-article,fr,0.9653807878494263
ark:/67375/M70-XJBQ14JR-X,research-article,fr,0.9728161692619324
ark:/67375/M70-XJNX6629-M,research-article,fr,0.953334391117096
ark:/67375/M70-PR4D4504-L,research-article,fr,0.9440111517906189
ark:/67375/M70-PW9N0H7T-L,other,fr,0.9726266264915466
ark:/67375/M70-V2863W79-5,research-article,es,0.8632799983024597
ark:/67375/M70-ZJZ1SSMD-Q,article,fr,0.6840744018554688
ark:/67375/M70-ZSF9B453-J,research-article,fr,0.9482376575469971
ark:/67375/6H6-M50N528V-C,editorial,fr,0.500244677066803
ark:/67375/WNG-QMCT99W2-5,book-reviews,de,0.9842135310173035
ark:/67375/M70-QN1K4WBJ-G,research-article,fr,0.9451506733894348
ark:/67375/M70-QQZ7D79R-R,research-article,fr,0.9702075719833374
ark:/67375/M70-SP790ZPG-1,research-article,fr,0.9650970697402954
ark:/67375/HXZ-Q4FXP68C-N,research-article,ru,0.13961006700992584
ark:/67375/WNG-P003L08M-Z,article,de,0.10820917785167694
ark:/67375/WNG-PWX3KSKK-F,article,de,0.9859422445297241
ark:/67375/WNG-Q74M7MQ0-F,article,es,0.9221707582473755
ark:/67375/WNG-65F05CT0-K,case-report,de,0.07522259652614594
ark:/67375/WNG-676JRRX8-7,article,de,0.7106008529663086
ark:/67375/WNG-7924C7MR-R,article,ru,0.1179647222161293
ark:/67375/WNG-794R8CSW-9,article,de,0.9838448762893677
ark:/67375/6H6-2ZGQ1GQW-L,other,ru,0.11394186317920685
ark:/67375/6H6-36QT5LPJ-L,research-article,fr,0.9471385478973389
ark:/67375/HXZ-4P6PHW2B-7,research-article,fr,0.833960235118866
ark:/67375/6H6-XKJPT1KW-K,research-article,de,0.8935565948486328
ark:/67375/WNG-8G99Q9D2-9,article,de,0.9646331667900085
ark:/67375/WNG-8X6Q06B6-8,article,de,0.6735201478004456
ark:/67375/WNG-8Z32Z2RQ-7,article,de,0.9907135367393494
ark:/67375/WNG-B0755DK0-C,other,de,0.10901971161365509
ark:/67375/6H6-XXHT0DVL-G,research-article,fr,0.9376632571220398
ark:/67375/6S2-343WSMWH-Z,article,es,0.8246563076972961
ark:/67375/6S2-365G786M-9,article,es,0.8039767742156982
ark:/67375/6S2-8V0FD1TD-W,article,es,0.8775250315666199
ark:/67375/6S2-GV9BSFLS-H,article,es,0.823269784450531
ark:/67375/6S2-M71Z8VG1-6,article,es,0.9034107327461243
ark:/67375/HXZ-7SMBP4TD-X,research-article,ru,0.14898595213890076
ark:/67375/HXZ-D52XRFNH-7,research-article,ru,0.07984865456819534
ark:/67375/HXZ-FVMB162S-K,research-article,uk,0.10074865072965622
ark:/67375/HXZ-MP76G6RM-5,research-article,fr,0.8428283929824829
ark:/67375/HXZ-MQ36X02K-Q,research-article,fr,0.9623618125915527
ark:/67375/HCB-KVV80DS2-4,chapter,fr,0.9358817338943481
ark:/67375/WNG-VK5WS4M0-D,article,de,0.9911620020866394
ark:/67375/WNG-VKCTJWF7-S,article,de,0.9761702418327332
ark:/67375/WNG-XCGJLKXJ-D,article,vi,0.06548352539539337
ark:/67375/QT4-5PVWNX77-T,research-article,fr,0.893001139163971
ark:/67375/QT4-DLNH33VF-L,research-article,pl,0.9308068156242371
ark:/67375/WNG-CWS1SHSB-R,abstract,hu,0.14316168427467346
ark:/67375/WNG-GLP4HZ3P-R,article,de,0.08129376173019409
ark:/67375/6H6-0TSX047B-2,research-article,fr,0.9467834234237671
ark:/67375/6H6-1WPJ1TZN-P,research-article,fr,0.9377914071083069
ark:/67375/WNG-V1MSQ6KM-6,article,de,0.9771807193756104
ark:/67375/WNG-WMMRV6H5-C,article,de,0.9117470383644104
ark:/67375/M70-2T81KCFQ-5,other,fr,0.9673211574554443
ark:/67375/6GQ-FVBZ3WLZ-8,book-reviews,de,0.9787726998329163
ark:/67375/6H6-58G5RMZS-G,,fr,0.95548015832901
ark:/67375/6H6-4VV61DNP-2,research-article,fr,0.8952569961547852
ark:/67375/6H6-KBT7QS3X-L,research-article,fr,0.8389899134635925
ark:/67375/QT4-J2V3NJVF-9,research-article,fr,0.6725860238075256
ark:/67375/QT4-V3QPL8DQ-K,research-article,de,0.9905306100845337
ark:/67375/6GQ-KN380SHD-7,book-reviews,fr,0.9620082974433899
ark:/67375/HXZ-QHVZT6HC-Q,research-article,ru,0.0951768234372139
ark:/67375/HXZ-VNCMC9FF-H,research-article,uk,0.16700346767902374
ark:/67375/JKT-1BQ0MKPH-X,research-article,fr,0.932048499584198
ark:/67375/JKT-1FCNLGQK-M,research-article,it,0.6338716149330139
ark:/67375/JKT-1GT2CNGL-6,research-article,de,0.9387668371200562
ark:/67375/JKT-1H45JXZQ-K,research-article,it,0.9449010491371155
ark:/67375/JKT-1LRQZS25-J,research-article,fr,0.9404397010803223
ark:/67375/JKT-1MG76BQJ-X,research-article,it,0.9411553740501404
ark:/67375/JKT-1PMZRH4C-8,research-article,de,0.9816470742225647
ark:/67375/JKT-1R1GSNDB-K,research-article,de,0.985100507736206
ark:/67375/JKT-1T070X7Z-1,research-article,it,0.9581577181816101
ark:/67375/JKT-1VNFD1WN-W,research-article,fr,0.9459770321846008
ark:/67375/JKT-21JH6X9D-X,research-article,fr,0.967785120010376
ark:/67375/JKT-2CCQC70P-W,research-article,de,0.9545082449913025
ark:/67375/JKT-2DJRG3ZC-2,research-article,it,0.9764338135719299
ark:/67375/JKT-2FTW9PJF-3,research-article,fr,0.9726518392562866
ark:/67375/JKT-2FZK24QM-S,research-article,de,0.9887591004371643
ark:/67375/JKT-2LH7P9KS-2,research-article,it,0.9673827886581421
ark:/67375/JKT-2MC1K7W8-B,research-article,it,0.7913171648979187
ark:/67375/JKT-2NPN7JWV-D,research-article,it,0.9563811421394348
ark:/67375/JKT-2S13FZ3T-Q,research-article,it,0.9734724760055542
ark:/67375/JKT-2T8P78GP-S,research-article,it,0.7407679557800293
ark:/67375/JKT-2VTDNQ82-S,research-article,it,0.9404448866844177
ark:/67375/JKT-2XJW8J3M-Q,research-article,de,0.9900327920913696
ark:/67375/JKT-309PTSD3-S,research-article,it,0.9606655240058899
ark:/67375/JKT-31R8T635-7,research-article,de,0.7947103381156921
ark:/67375/JKT-32L2DKPS-Z,research-article,de,0.968693733215332
ark:/67375/JKT-33HGWLD7-D,research-article,it,0.9373582601547241
ark:/67375/JKT-38HW3KQW-2,research-article,it,0.31397250294685364
ark:/67375/JKT-393KQV8G-H,research-article,it,0.943110466003418
ark:/67375/JKT-39NZ0K24-G,research-article,fr,0.9515795707702637
ark:/67375/JKT-3B77PJQZ-6,research-article,fr,0.9403621554374695
ark:/67375/JKT-3G13MNB7-0,research-article,de,0.953103244304657
ark:/67375/JKT-3G1JP230-F,research-article,it,0.9560647010803223
ark:/67375/JKT-3JK0GDBK-R,research-article,de,0.9874609112739563
ark:/67375/JKT-3M062WZW-K,research-article,it,0.9612532258033752
ark:/67375/JKT-3M14049W-J,research-article,it,0.9648016691207886
ark:/67375/JKT-3QDK3CW7-N,research-article,it,0.9124617576599121
ark:/67375/JKT-VQMVX871-Z,research-article,it,0.9554727077484131
ark:/67375/JKT-VSNMG2TW-6,research-article,it,0.9460808038711548
ark:/67375/JKT-VXS143RK-L,research-article,it,0.9445367455482483
ark:/67375/JKT-W1VLR8LQ-5,research-article,de,0.9884181022644043
ark:/67375/JKT-W240HQS9-C,research-article,it,0.8106451034545898
ark:/67375/JKT-W2Z8ZFTX-7,research-article,nl,0.7312958836555481
ark:/67375/JKT-W3BWBWMN-7,research-article,fr,0.9826754331588745
ark:/67375/JKT-W4FH9VJC-N,research-article,it,0.9660477042198181
ark:/67375/JKT-W62JXGFT-9,research-article,it,0.969671905040741
ark:/67375/JKT-W7VNG74G-B,research-article,it,0.970001220703125
ark:/67375/JKT-W86HM14J-R,research-article,fr,0.9595559239387512
ark:/67375/JKT-W8S7PMKP-L,research-article,de,0.9847490787506104
ark:/67375/JKT-WC6DDDFR-W,research-article,it,0.9285495281219482
ark:/67375/JKT-WD13R272-P,research-article,it,0.9388710856437683
ark:/67375/JKT-WGJTWDVC-C,research-article,it,0.9211050868034363
ark:/67375/JKT-WGVZL6TP-R,research-article,it,0.9142755270004272
ark:/67375/JKT-WJ49436Z-N,research-article,it,0.9462437033653259
ark:/67375/JKT-WLVMGKRS-3,research-article,sv,0.7714285254478455
ark:/67375/JKT-WM8QJ0L8-X,research-article,it,0.9765035510063171
ark:/67375/JKT-WMKH47VT-K,research-article,it,0.9718310832977295
ark:/67375/JKT-WNGXM497-0,research-article,it,0.9146118760108948
ark:/67375/JKT-WPNHNSRF-9,research-article,it,0.9404767155647278
ark:/67375/JKT-WQVQK0TN-V,research-article,de,0.9866154193878174
ark:/67375/JKT-WRF3G76W-1,research-article,fr,0.9678443670272827
ark:/67375/JKT-WWPBZ8R0-5,research-article,de,0.982330322265625
ark:/67375/JKT-WWXX6KL8-X,research-article,de,0.9888702630996704
ark:/67375/JKT-WZ57HRDK-8,research-article,it,0.9342867732048035
ark:/67375/JKT-X0DZVX7D-6,research-article,it,0.8705875873565674
ark:/67375/JKT-X38XKMK0-T,research-article,it,0.9757068753242493
ark:/67375/JKT-X4BH7VPZ-3,research-article,it,0.8899844884872437
ark:/67375/JKT-X6JW4156-J,research-article,fr,0.8226426243782043
ark:/67375/JKT-X72R52QD-Q,research-article,fr,0.9577769637107849
ark:/67375/JKT-X99NN91H-M,research-article,it,0.9274816513061523
ark:/67375/JKT-XBLJKNX2-2,research-article,it,0.9596505761146545
ark:/67375/JKT-XDFB8HND-L,research-article,it,0.9329186081886292
ark:/67375/JKT-XDPTSN8Q-4,research-article,de,0.6968242526054382
ark:/67375/JKT-XG6987RZ-4,research-article,de,0.9835222959518433
ark:/67375/JKT-XGWV6880-8,research-article,it,0.9643866419792175
ark:/67375/JKT-XKN7TWK7-F,research-article,it,0.8354238867759705
ark:/67375/JKT-XLVQJ53V-X,research-article,fr,0.9628402590751648
ark:/67375/JKT-XQ43PW04-S,research-article,it,0.9462934732437134
ark:/67375/JKT-XQ4PWNR6-W,research-article,it,0.9401111006736755
ark:/67375/JKT-XS661QLP-G,research-article,it,0.9653850793838501
ark:/67375/JKT-XZ0Q381F-W,research-article,it,0.9740322828292847
ark:/67375/JKT-XZNV84RL-S,research-article,de,0.9830142855644226
ark:/67375/JKT-Z001H9LZ-T,research-article,fr,0.9580886960029602
ark:/67375/JKT-Z21KJ8DJ-9,research-article,fr,0.9571496248245239
ark:/67375/M70-2WKQRJVP-F,research-article,fr,0.9652873873710632
ark:/67375/M70-2Z6V8VWW-J,research-article,fr,0.9607637524604797
ark:/67375/M70-31C1JQ0S-T,other,fr,0.9673734903335571
ark:/67375/M70-8V97S44M-Q,other,fr,0.9603700637817383
ark:/67375/M70-93M681LS-Z,other,fr,0.9735440015792847
ark:/67375/M70-94QM22T0-5,research-article,fr,0.94218909740448
ark:/67375/M70-96L43J0N-H,research-article,fr,0.9768418669700623
ark:/67375/M70-CTZ0FT6T-2,other,fr,0.5871299505233765
ark:/67375/M70-92G073M5-8,other,fr,0.9563519954681396
ark:/67375/M70-9363HS6N-M,research-article,fr,0.9645460844039917
ark:/67375/M70-CKP1Z2QF-N,article,fr,0.7161519527435303
ark:/67375/6H6-FMB9FLKZ-J,other,es,0.3385353088378906
ark:/67375/6H6-FT7BNQTB-L,research-article,de,0.969864010810852
ark:/67375/6H6-GF76ZQBJ-W,,sr,0.09151297807693481
ark:/67375/6H6-GTJD2V6L-T,other,ru,0.30654817819595337
ark:/67375/VQC-8LPPXK01-3,article,ru,0.25091615319252014
ark:/67375/HCB-XD66NG9W-2,chapter,uk,0.1650131642818451
ark:/67375/HXZ-0571LSQR-W,research-article,fr,0.8502652645111084
ark:/67375/6S2-4J89RT24-W,article,pt,0.6270808577537537
ark:/67375/6S2-C0CTRXWD-B,article,el,0.9780027866363525
ark:/67375/6S2-C92NDTD9-R,article,el,0.9436904788017273
ark:/67375/6S2-RK2C6X34-2,article,el,0.9889494776725769
ark:/67375/6S2-RS2TPC83-J,article,es,0.942115068435669
ark:/67375/6S2-S4KB6R07-W,article,pt,0.5446653962135315
ark:/67375/6H6-83H9XFLC-L,other,uk,0.14624997973442078
ark:/67375/6H6-83TJZJXS-T,conference,pl,0.10655026882886887
ark:/67375/6H6-RJPT18G2-6,,it,0.13989335298538208
ark:/67375/WNG-JBGMNSG6-G,article,nl,0.36964866518974304
ark:/67375/VQC-HQ0KRR1N-H,research-article,de,0.9659909605979919
ark:/67375/VQC-K4KP630K-4,article,uk,0.11550826579332352
ark:/67375/WNG-KHWVKRVN-P,article,de,0.9776064157485962
ark:/67375/WNG-L58J5QTH-V,article,fr,0.8862960934638977
ark:/67375/WNG-NWW82B5L-8,article,de,0.9930539727210999
ark:/67375/WNG-SFZC7FTH-P,article,de,0.9843922257423401
ark:/67375/HCB-M6NB83NT-6,chapter,fr,0.925691545009613
ark:/67375/HCB-M831RFFW-R,chapter,fr,0.7784863710403442
ark:/67375/WNG-JDCD741F-H,abstract,de,0.13225358724594116
ark:/67375/WNG-KGTV0L4R-J,article,de,0.09450016170740128
ark:/67375/WNG-M1148PWM-F,abstract,de,0.16466079652309418
ark:/67375/WNG-N44ZRCD6-7,article,de,0.9846577048301697
ark:/67375/6H6-7L6QSXT3-P,research-article,fr,0.9417790770530701
ark:/67375/6H6-7X54GBX7-C,research-article,es,0.4231507480144501
ark:/67375/VQC-PZW2FLMG-N,other,ru,0.22728529572486877
ark:/67375/VQC-R2XNCLSD-D,research-article,de,0.9546977877616882
ark:/67375/VQC-X48SNK86-2,article,ru,0.20105576515197754
ark:/67375/WNG-0PRZ838N-3,article,fi,0.09453053772449493
ark:/67375/6H6-WF7DQ24N-Z,research-article,fr,0.9681185483932495
ark:/67375/6H6-X6H22W29-0,research-article,de,0.8270736336708069
ark:/67375/6H6-XMDT9SK7-H,editorial,es,0.9365373849868774
ark:/67375/WNG-1K7GZN1V-X,article,fr,0.7694540619850159
ark:/67375/WNG-2FX6J4BL-J,article,de,0.06817950308322906
ark:/67375/QT4-9Z5Z9N5R-T,research-article,de,0.9866452813148499
ark:/67375/6H6-55KHV520-1,research-article,fr,0.9235895276069641
ark:/67375/WNG-K18M55JM-4,article,de,0.8840720653533936
ark:/67375/WNG-KM26QDL4-C,book-reviews,de,0.8812471628189087
ark:/67375/WNG-KN76Z3QW-M,article,de,0.98769611120224
ark:/67375/WNG-LKQC7XMF-L,article,de,0.969517171382904
ark:/67375/QT4-CZB2DNBP-6,research-article,de,0.9631142616271973
ark:/67375/WNG-JPD9BVV6-0,article,fr,0.6199545860290527
ark:/67375/WNG-K9RVT3KB-J,other,de,0.2292725294828415
ark:/67375/WNG-KW7PMR8K-M,article,uk,0.48835036158561707
ark:/67375/WNG-LDQLZ50G-K,article,de,0.9823341369628906
ark:/67375/WNG-LZ43F661-7,article,de,0.9935661554336548
ark:/67375/WNG-MS4FPF4R-B,article,es,0.0824856236577034
ark:/67375/WNG-MSD02L0B-7,case-report,de,0.07162695378065109
ark:/67375/6S2-LG6LR82T-K,article,el,0.9818406105041504
ark:/67375/6S2-V01S6XV3-3,article,el,0.9900082945823669
ark:/67375/6H6-4W5XD9ZP-C,other,ru,0.46898266673088074
ark:/67375/6H6-R3H5B376-V,brief-communication,fr,0.6862360239028931
ark:/67375/QT4-2V4DJLWK-G,research-article,pl,0.9543113708496094
ark:/67375/QT4-G18F37PM-W,research-article,fr,0.9267513751983643
ark:/67375/HCB-9WH6K1NK-G,chapter,eu,0.04343352094292641
ark:/67375/HCB-GFBZDCMF-J,research-article,fr,0.961188018321991
ark:/67375/HCB-K4DBBW34-C,article,fr,0.9123579263687134
ark:/67375/HCB-QD5DLVHX-K,chapter,fr,0.652899444103241
ark:/67375/6H6-9QTVJSFS-2,research-article,fr,0.8973622918128967
ark:/67375/6H6-9XC7W6H2-Z,research-article,fr,0.9495382905006409
ark:/67375/WNG-M5QF1QJ7-L,article,de,0.978025496006012
ark:/67375/QT4-72VNFMHZ-S,research-article,de,0.9837429523468018
ark:/67375/QT4-7CR9SBJ7-M,research-article,pl,0.9057433605194092
ark:/67375/QT4-JPPXKH7J-4,research-article,pl,0.9477015137672424
ark:/67375/HCB-6DJ9F0L8-4,chapter,fr,0.8814085721969604
ark:/67375/6H6-C1MGPZGR-4,research-article,fr,0.8845280408859253
ark:/67375/6H6-D53S6XR8-F,editorial,fr,0.9465182423591614
ark:/67375/6H6-PZJLCBXD-W,,fr,0.8710978031158447
ark:/67375/6H6-0PSPSJPC-G,abstract,es,0.9201884865760803
ark:/67375/6H6-0PX5246X-Z,research-article,fr,0.9374103546142578
ark:/67375/6H6-3GDZNCV9-6,research-article,fr,0.9373969435691833
ark:/67375/6H6-3SR8SJWB-8,other,uk,0.14955362677574158
ark:/67375/6H6-18JQZXH8-2,research-article,fr,0.9148957133293152
ark:/67375/6H6-FPDZQXB5-6,,fr,0.9527738094329834
ark:/67375/HCB-0CR42XPT-F,article,fr,0.9667878150939941
ark:/67375/HCB-0D19S07P-1,chapter,uk,0.2380707561969757
ark:/67375/HCB-0J2K43LM-3,chapter,zh,0.18419335782527924
ark:/67375/HCB-3JFQQ3WG-N,chapter,es,0.13188225030899048
ark:/67375/HCB-3KPHDGKC-B,article,fr,0.8993436694145203
